<?xml version="1.0" encoding="UTF-8"?>
<analysisEngineDescription xmlns="http://uima.apache.org/resourceSpecifier">
  <frameworkImplementation>org.apache.uima.java</frameworkImplementation>
  <primitive>true</primitive>  <annotatorImplementationName>ids.intern.uima.tutorial.ex3.DateTimeAnnotator</annotatorImplementationName>
  <analysisEngineMetaData>
    <name>DateTimeAnnotator</name>
    <description>testing</description>
    <version>1.0</version>
    <vendor>Bae Sang Hwan</vendor>
    <configurationParameters/>
    <configurationParameterSettings/>
    <typeSystemDescription>
      <imports>
        <import location="typeSystemDescriptor.xml"/>
      </imports>
    </typeSystemDescription>
    <typePriorities/>
    <fsIndexCollection/>
    <capabilities>
      <capability>
        <inputs/>
        <outputs>
          <type allAnnotatorFeatures="true">ids.intern.uima.tutorial.TimeAnnot</type>
          <type allAnnotatorFeatures="true">ids.intern.uima.tutorial.DateTimeAnnot</type>
          <type allAnnotatorFeatures="true">ids.intern.uima.tutorial.DateAnnot</type>
        </outputs>
        <languagesSupported/>
      </capability>
    </capabilities>
  <operationalProperties>
      <modifiesCas>true</modifiesCas>
      <multipleDeploymentAllowed>true</multipleDeploymentAllowed>
      <outputsNewCASes>false</outputsNewCASes>
    </operationalProperties>
  </analysisEngineMetaData>
  <resourceManagerConfiguration/>
</analysisEngineDescription>
