<?xml version="1.0" encoding="UTF-8"?>
<analysisEngineDescription xmlns="http://uima.apache.org/resourceSpecifier">
  <frameworkImplementation>org.apache.uima.java</frameworkImplementation>
  <primitive>true</primitive>  <annotatorImplementationName>ids.intern.uima.tutorial.ex3.MeetingAnnotator</annotatorImplementationName>
  <analysisEngineMetaData>
    <name>MeetingAnnotator</name>
    <description/>
    <version>1.0</version>
    <vendor/>
    <configurationParameters>
      <configurationParameter>
        <name>WindowSize</name>
        <description>Maximum number of characters within which a room number, a
					date, and two times must occur for a meeting annotation to be
					created.</description>
        <type>Integer</type>
        <multiValued>false</multiValued>
        <mandatory>true</mandatory>
      </configurationParameter>
    </configurationParameters>
    <configurationParameterSettings>
      <nameValuePair>
        <name>WindowSize</name>
        <value>
          <integer>200</integer>
        </value>
      </nameValuePair>
    </configurationParameterSettings>
    <typeSystemDescription>
      <imports>
        <import location="typeSystemDescriptor.xml"/>
      </imports>
    </typeSystemDescription>
    <typePriorities/>
    <fsIndexCollection/>
    <capabilities>
      <capability>
        <inputs>
          <type allAnnotatorFeatures="true">ids.intern.uima.tutorial.TimeAnnot</type>
          <type allAnnotatorFeatures="true">ids.intern.uima.tutorial.RoomNumber</type>
          <type allAnnotatorFeatures="true">ids.intern.uima.tutorial.DateAnnot</type>
        </inputs>
        <outputs>
          <type allAnnotatorFeatures="true">ids.intern.uima.tutorial.Meeting</type>
        </outputs>
        <languagesSupported/>
      </capability>
    </capabilities>
  <operationalProperties>
      <modifiesCas>true</modifiesCas>
      <multipleDeploymentAllowed>true</multipleDeploymentAllowed>
      <outputsNewCASes>false</outputsNewCASes>
    </operationalProperties>
  </analysisEngineMetaData>
  <resourceManagerConfiguration/>
</analysisEngineDescription>
