<?xml version="1.0" encoding="UTF-8"?>
<analysisEngineDescription xmlns="http://uima.apache.org/resourceSpecifier">
  <frameworkImplementation>org.apache.uima.java</frameworkImplementation>
  <primitive>false</primitive>  
  <delegateAnalysisEngineSpecifiers>
    <delegateAnalysisEngine key="DateTimeAnnotator">
      <import location="DateTimeAnnotator.xml"/>
    </delegateAnalysisEngine>
    <delegateAnalysisEngine key="RoomNumberAnnotator">
      <import location="RoomNumberAnnotator.xml"/>
    </delegateAnalysisEngine>
    <delegateAnalysisEngine key="MeetingAnnotator">
      <import location="MeetingAnnotator.xml"/>
    </delegateAnalysisEngine>
  </delegateAnalysisEngineSpecifiers>
  <analysisEngineMetaData>
    <name>MeetingDetectorTAE</name>
    <description/>
    <version>1.0</version>
    <vendor/>
    <configurationParameters/>
    <configurationParameterSettings/>
    <flowConstraints>
      <fixedFlow>
        <node>RoomNumberAnnotator</node>
        <node>DateTimeAnnotator</node>
        <node>MeetingAnnotator</node>
      </fixedFlow>
    </flowConstraints>
    <fsIndexCollection/>
    <capabilities>
      <capability>
        <inputs/>
        <outputs>
          <type allAnnotatorFeatures="true">ids.intern.uima.tutorial.TimeAnnot</type>
          <type allAnnotatorFeatures="true">ids.intern.uima.tutorial.RoomNumber</type>
          <type allAnnotatorFeatures="true">ids.intern.uima.tutorial.Meeting</type>
          <type allAnnotatorFeatures="true">ids.intern.uima.tutorial.DateAnnot</type>
        </outputs>
        <languagesSupported/>
      </capability>
    </capabilities>
  <operationalProperties>
      <modifiesCas>true</modifiesCas>
      <multipleDeploymentAllowed>true</multipleDeploymentAllowed>
      <outputsNewCASes>false</outputsNewCASes>
    </operationalProperties>
  </analysisEngineMetaData>
  <resourceManagerConfiguration/>
</analysisEngineDescription>
