<?xml version="1.0" encoding="UTF-8"?>
<typeSystemDescription xmlns="http://uima.apache.org/resourceSpecifier">
    <name>typeSystemDescriptor</name>
    <description>testing</description>
    <version>1.0</version>
    <vendor>Bae Sang Hwan</vendor>
  <types>
    <typeDescription>
      <name>ids.intern.uima.tutorial.RoomNumber</name>
      <description/>
      <supertypeName>uima.tcas.Annotation</supertypeName>
      <features>
        <featureDescription>
          <name>building</name>
          <description/>
          <rangeTypeName>uima.cas.String</rangeTypeName>
        </featureDescription>
      </features>
    </typeDescription>
  </types>
</typeSystemDescription>
